Epi_week,Category,OROV_INC
2014_01,National,0
2014_01,Rural,0
2014_01,Urban,0
2014_02,National,0
2014_02,Rural,0
2014_02,Urban,0
2014_03,National,0
2014_03,Rural,0
2014_03,Urban,0
2014_04,National,0
2014_04,Rural,0
2014_04,Urban,0
2014_05,National,0
2014_05,Rural,0
2014_05,Urban,0
2014_06,National,0
2014_06,Rural,0
2014_06,Urban,0
2014_07,National,0
2014_07,Rural,0
2014_07,Urban,0
2014_08,National,0
2014_08,Rural,0
2014_08,Urban,0
2014_09,National,0
2014_09,Rural,0
2014_09,Urban,0
2014_10,National,0
2014_10,Rural,0
2014_10,Urban,0
2014_11,National,0
2014_11,Rural,0
2014_11,Urban,0
2014_12,National,0
2014_12,Rural,0
2014_12,Urban,0
2014_13,National,0
2014_13,Rural,0
2014_13,Urban,0
2014_14,National,0
2014_14,Rural,0
2014_14,Urban,0
2014_15,National,0
2014_15,Rural,0
2014_15,Urban,0
2014_16,National,0
2014_16,Rural,0
2014_16,Urban,0
2014_17,National,0
2014_17,Rural,0
2014_17,Urban,0
2014_18,National,0
2014_18,Rural,0
2014_18,Urban,0
2014_19,National,0
2014_19,Rural,0
2014_19,Urban,0
2014_20,National,0
2014_20,Rural,0
2014_20,Urban,0
2014_21,National,0
2014_21,Rural,0
2014_21,Urban,0
2014_22,National,0
2014_22,Rural,0
2014_22,Urban,0
2014_23,National,0
2014_23,Rural,0
2014_23,Urban,0
2014_24,National,0
2014_24,Rural,0
2014_24,Urban,0
2014_25,National,0
2014_25,Rural,0
2014_25,Urban,0
2014_26,National,0
2014_26,Rural,0
2014_26,Urban,0
2014_27,National,0
2014_27,Rural,0
2014_27,Urban,0
2014_28,National,0
2014_28,Rural,0
2014_28,Urban,0
2014_29,National,0
2014_29,Rural,0
2014_29,Urban,0
2014_30,National,0
2014_30,Rural,0
2014_30,Urban,0
2014_31,National,0
2014_31,Rural,0
2014_31,Urban,0
2014_32,National,0
2014_32,Rural,0
2014_32,Urban,0
2014_33,National,0
2014_33,Rural,0
2014_33,Urban,0
2014_34,National,0
2014_34,Rural,0
2014_34,Urban,0
2014_35,National,0
2014_35,Rural,0
2014_35,Urban,0
2014_36,National,0
2014_36,Rural,0
2014_36,Urban,0
2014_37,National,0
2014_37,Rural,0
2014_37,Urban,0
2014_38,National,0
2014_38,Rural,0
2014_38,Urban,0
2014_39,National,0
2014_39,Rural,0
2014_39,Urban,0
2014_40,National,0
2014_40,Rural,0
2014_40,Urban,0
2014_41,National,0
2014_41,Rural,0
2014_41,Urban,0
2014_42,National,0
2014_42,Rural,0
2014_42,Urban,0
2014_43,National,0
2014_43,Rural,0
2014_43,Urban,0
2014_44,National,0
2014_44,Rural,0
2014_44,Urban,0
2014_45,National,0.00098483
2014_45,Rural,0
2014_45,Urban,0.001126707
2014_46,National,0
2014_46,Rural,0
2014_46,Urban,0
2014_47,National,0
2014_47,Rural,0
2014_47,Urban,0
2014_48,National,0.000492415
2014_48,Rural,0
2014_48,Urban,0.000563354
2014_49,National,0.001477245
2014_49,Rural,0.003910475
2014_49,Urban,0.001126707
2014_50,National,0.00098483
2014_50,Rural,0
2014_50,Urban,0.001126707
2014_51,National,0.000492415
2014_51,Rural,0
2014_51,Urban,0.000563354
2014_52,National,0.00098483
2014_52,Rural,0
2014_52,Urban,0.001126707
2014_53,National,0
2014_53,Rural,0
2014_53,Urban,0
2015_01,National,0.00098483
2015_01,Rural,0
2015_01,Urban,0.001126707
2015_02,National,0.000492415
2015_02,Rural,0
2015_02,Urban,0.000563354
2015_03,National,0.001477245
2015_03,Rural,0
2015_03,Urban,0.001690061
2015_04,National,0.00196966
2015_04,Rural,0.007820951
2015_04,Urban,0.001126707
2015_05,National,0.00196966
2015_05,Rural,0.003910475
2015_05,Urban,0.001690061
2015_06,National,0
2015_06,Rural,0
2015_06,Urban,0
2015_07,National,0.00098483
2015_07,Rural,0
2015_07,Urban,0.001126707
2015_08,National,0.000492415
2015_08,Rural,0
2015_08,Urban,0.000563354
2015_09,National,0.00098483
2015_09,Rural,0.007820951
2015_09,Urban,0
2015_10,National,0.004431735
2015_10,Rural,0
2015_10,Urban,0.005070182
2015_11,National,0.002462075
2015_11,Rural,0.003910475
2015_11,Urban,0.002253414
2015_12,National,0.00295449
2015_12,Rural,0
2015_12,Urban,0.003380121
2015_13,National,0.00196966
2015_13,Rural,0
2015_13,Urban,0.002253414
2015_14,National,0.00196966
2015_14,Rural,0.011731426
2015_14,Urban,0.000563354
2015_15,National,0.00393932
2015_15,Rural,0
2015_15,Urban,0.004506829
2015_16,National,0.000492415
2015_16,Rural,0
2015_16,Urban,0.000563354
2015_17,National,0
2015_17,Rural,0
2015_17,Urban,0
2015_18,National,0.001477245
2015_18,Rural,0
2015_18,Urban,0.001690061
2015_19,National,0.00098483
2015_19,Rural,0
2015_19,Urban,0.001126707
2015_20,National,0
2015_20,Rural,0
2015_20,Urban,0
2015_21,National,0
2015_21,Rural,0
2015_21,Urban,0
2015_22,National,0.000492415
2015_22,Rural,0.003910475
2015_22,Urban,0
2015_23,National,0.000492415
2015_23,Rural,0
2015_23,Urban,0.000563354
2015_24,National,0.00196966
2015_24,Rural,0
2015_24,Urban,0.002253414
2015_25,National,0
2015_25,Rural,0
2015_25,Urban,0
2015_26,National,0
2015_26,Rural,0
2015_26,Urban,0
2015_27,National,0
2015_27,Rural,0
2015_27,Urban,0
2015_28,National,0
2015_28,Rural,0
2015_28,Urban,0
2015_29,National,0
2015_29,Rural,0
2015_29,Urban,0
2015_30,National,0
2015_30,Rural,0
2015_30,Urban,0
2015_31,National,0.001477245
2015_31,Rural,0
2015_31,Urban,0.001690061
2015_32,National,0.001477245
2015_32,Rural,0
2015_32,Urban,0.001690061
2015_33,National,0
2015_33,Rural,0
2015_33,Urban,0
2015_34,National,0
2015_34,Rural,0
2015_34,Urban,0
2015_35,National,0.000492415
2015_35,Rural,0
2015_35,Urban,0.000563354
2015_36,National,0.000492415
2015_36,Rural,0.003910475
2015_36,Urban,0
2015_37,National,0.000492415
2015_37,Rural,0
2015_37,Urban,0.000563354
2015_38,National,0.00098483
2015_38,Rural,0.007820951
2015_38,Urban,0
2015_39,National,0
2015_39,Rural,0
2015_39,Urban,0
2015_40,National,0.00098483
2015_40,Rural,0.003910475
2015_40,Urban,0.000563354
2015_41,National,0
2015_41,Rural,0
2015_41,Urban,0
2015_42,National,0
2015_42,Rural,0
2015_42,Urban,0
2015_43,National,0
2015_43,Rural,0
2015_43,Urban,0
2015_44,National,0
2015_44,Rural,0
2015_44,Urban,0
2015_45,National,0.00098483
2015_45,Rural,0.007820951
2015_45,Urban,0
2015_46,National,0.000492415
2015_46,Rural,0
2015_46,Urban,0.000563354
2015_47,National,0
2015_47,Rural,0
2015_47,Urban,0
2015_48,National,0
2015_48,Rural,0
2015_48,Urban,0
2015_49,National,0
2015_49,Rural,0
2015_49,Urban,0
2015_50,National,0
2015_50,Rural,0
2015_50,Urban,0
2015_51,National,0
2015_51,Rural,0
2015_51,Urban,0
2015_52,National,0
2015_52,Rural,0
2015_52,Urban,0
2016_01,National,0
2016_01,Rural,0
2016_01,Urban,0
2016_02,National,0
2016_02,Rural,0
2016_02,Urban,0
2016_03,National,0
2016_03,Rural,0
2016_03,Urban,0
2016_04,National,0
2016_04,Rural,0
2016_04,Urban,0
2016_05,National,0
2016_05,Rural,0
2016_05,Urban,0
2016_06,National,0
2016_06,Rural,0
2016_06,Urban,0
2016_07,National,0
2016_07,Rural,0
2016_07,Urban,0
2016_08,National,0.00098483
2016_08,Rural,0.003910475
2016_08,Urban,0.000563354
2016_09,National,0
2016_09,Rural,0
2016_09,Urban,0
2016_10,National,0.000492415
2016_10,Rural,0.003910475
2016_10,Urban,0
2016_11,National,0.000492415
2016_11,Rural,0
2016_11,Urban,0.000563354
2016_12,National,0.00196966
2016_12,Rural,0.007820951
2016_12,Urban,0.001126707
2016_13,National,0.000492415
2016_13,Rural,0
2016_13,Urban,0.000563354
2016_14,National,0
2016_14,Rural,0
2016_14,Urban,0
2016_15,National,0.000492415
2016_15,Rural,0
2016_15,Urban,0.000563354
2016_16,National,0.000492415
2016_16,Rural,0
2016_16,Urban,0.000563354
2016_17,National,0.00098483
2016_17,Rural,0
2016_17,Urban,0.001126707
2016_18,National,0
2016_18,Rural,0
2016_18,Urban,0
2016_19,National,0
2016_19,Rural,0
2016_19,Urban,0
2016_20,National,0.000492415
2016_20,Rural,0
2016_20,Urban,0.000563354
2016_21,National,0
2016_21,Rural,0
2016_21,Urban,0
2016_22,National,0
2016_22,Rural,0
2016_22,Urban,0
2016_23,National,0.00196966
2016_23,Rural,0.007820951
2016_23,Urban,0.001126707
2016_24,National,0
2016_24,Rural,0
2016_24,Urban,0
2016_25,National,0.002462075
2016_25,Rural,0.003910475
2016_25,Urban,0.002253414
2016_26,National,0
2016_26,Rural,0
2016_26,Urban,0
2016_27,National,0.000492415
2016_27,Rural,0
2016_27,Urban,0.000563354
2016_28,National,0
2016_28,Rural,0
2016_28,Urban,0
2016_29,National,0.000492415
2016_29,Rural,0
2016_29,Urban,0.000563354
2016_30,National,0.008371054
2016_30,Rural,0.06647808
2016_30,Urban,0
2016_31,National,0
2016_31,Rural,0
2016_31,Urban,0
2016_32,National,0.000492415
2016_32,Rural,0.003910475
2016_32,Urban,0
2016_33,National,0.00393932
2016_33,Rural,0.003910475
2016_33,Urban,0.003943475
2016_34,National,0.001477245
2016_34,Rural,0.011731426
2016_34,Urban,0
2016_35,National,0.001477245
2016_35,Rural,0.007820951
2016_35,Urban,0.000563354
2016_36,National,0.000492415
2016_36,Rural,0
2016_36,Urban,0.000563354
2016_37,National,0.000492415
2016_37,Rural,0
2016_37,Urban,0.000563354
2016_38,National,0.001477245
2016_38,Rural,0
2016_38,Urban,0.001690061
2016_39,National,0.000492415
2016_39,Rural,0
2016_39,Urban,0.000563354
2016_40,National,0.000492415
2016_40,Rural,0
2016_40,Urban,0.000563354
2016_41,National,0
2016_41,Rural,0
2016_41,Urban,0
2016_42,National,0
2016_42,Rural,0
2016_42,Urban,0
2016_43,National,0
2016_43,Rural,0
2016_43,Urban,0
2016_44,National,0.000492415
2016_44,Rural,0
2016_44,Urban,0.000563354
2016_45,National,0
2016_45,Rural,0
2016_45,Urban,0
2016_46,National,0
2016_46,Rural,0
2016_46,Urban,0
2016_47,National,0.00098483
2016_47,Rural,0
2016_47,Urban,0.001126707
2016_48,National,0.000492415
2016_48,Rural,0
2016_48,Urban,0.000563354
2016_49,National,0
2016_49,Rural,0
2016_49,Urban,0
2016_50,National,0
2016_50,Rural,0
2016_50,Urban,0
2016_51,National,0
2016_51,Rural,0
2016_51,Urban,0
2016_52,National,0
2016_52,Rural,0
2016_52,Urban,0
2017_01,National,0
2017_01,Rural,0
2017_01,Urban,0
2017_02,National,0.00098483
2017_02,Rural,0
2017_02,Urban,0.001126707
2017_03,National,0.000492415
2017_03,Rural,0
2017_03,Urban,0.000563354
2017_04,National,0
2017_04,Rural,0
2017_04,Urban,0
2017_05,National,0
2017_05,Rural,0
2017_05,Urban,0
2017_06,National,0
2017_06,Rural,0
2017_06,Urban,0
2017_07,National,0
2017_07,Rural,0
2017_07,Urban,0
2017_08,National,0.000492415
2017_08,Rural,0
2017_08,Urban,0.000563354
2017_09,National,0
2017_09,Rural,0
2017_09,Urban,0
2017_10,National,0.000492415
2017_10,Rural,0.003910475
2017_10,Urban,0
2017_11,National,0
2017_11,Rural,0
2017_11,Urban,0
2017_12,National,0
2017_12,Rural,0
2017_12,Urban,0
2017_13,National,0
2017_13,Rural,0
2017_13,Urban,0
2017_14,National,0
2017_14,Rural,0
2017_14,Urban,0
2017_15,National,0
2017_15,Rural,0
2017_15,Urban,0
2017_16,National,0.000492415
2017_16,Rural,0
2017_16,Urban,0.000563354
2017_17,National,0
2017_17,Rural,0
2017_17,Urban,0
2017_18,National,0
2017_18,Rural,0
2017_18,Urban,0
2017_19,National,0
2017_19,Rural,0
2017_19,Urban,0
2017_20,National,0
2017_20,Rural,0
2017_20,Urban,0
2017_21,National,0
2017_21,Rural,0
2017_21,Urban,0
2017_22,National,0
2017_22,Rural,0
2017_22,Urban,0
2017_23,National,0
2017_23,Rural,0
2017_23,Urban,0
2017_24,National,0
2017_24,Rural,0
2017_24,Urban,0
2017_25,National,0.000492415
2017_25,Rural,0
2017_25,Urban,0.000563354
2017_26,National,0
2017_26,Rural,0
2017_26,Urban,0
2017_27,National,0
2017_27,Rural,0
2017_27,Urban,0
2017_28,National,0.000492415
2017_28,Rural,0
2017_28,Urban,0.000563354
2017_29,National,0
2017_29,Rural,0
2017_29,Urban,0
2017_30,National,0
2017_30,Rural,0
2017_30,Urban,0
2017_31,National,0
2017_31,Rural,0
2017_31,Urban,0
2017_32,National,0
2017_32,Rural,0
2017_32,Urban,0
2017_33,National,0
2017_33,Rural,0
2017_33,Urban,0
2017_34,National,0
2017_34,Rural,0
2017_34,Urban,0
2017_35,National,0.000492415
2017_35,Rural,0
2017_35,Urban,0.000563354
2017_36,National,0
2017_36,Rural,0
2017_36,Urban,0
2017_37,National,0
2017_37,Rural,0
2017_37,Urban,0
2017_38,National,0
2017_38,Rural,0
2017_38,Urban,0
2017_39,National,0
2017_39,Rural,0
2017_39,Urban,0
2017_40,National,0
2017_40,Rural,0
2017_40,Urban,0
2017_41,National,0
2017_41,Rural,0
2017_41,Urban,0
2017_42,National,0
2017_42,Rural,0
2017_42,Urban,0
2017_43,National,0
2017_43,Rural,0
2017_43,Urban,0
2017_44,National,0
2017_44,Rural,0
2017_44,Urban,0
2017_45,National,0
2017_45,Rural,0
2017_45,Urban,0
2017_46,National,0
2017_46,Rural,0
2017_46,Urban,0
2017_47,National,0
2017_47,Rural,0
2017_47,Urban,0
2017_48,National,0
2017_48,Rural,0
2017_48,Urban,0
2017_49,National,0
2017_49,Rural,0
2017_49,Urban,0
2017_50,National,0.00098483
2017_50,Rural,0
2017_50,Urban,0.001126707
2017_51,National,0
2017_51,Rural,0
2017_51,Urban,0
2017_52,National,0
2017_52,Rural,0
2017_52,Urban,0
2018_01,National,0
2018_01,Rural,0
2018_01,Urban,0
2018_02,National,0.000492415
2018_02,Rural,0
2018_02,Urban,0.000563354
2018_03,National,0.000492415
2018_03,Rural,0.003910475
2018_03,Urban,0
2018_04,National,0.004431735
2018_04,Rural,0.035194278
2018_04,Urban,0
2018_05,National,0.005908979
2018_05,Rural,0.031283802
2018_05,Urban,0.002253414
2018_06,National,0.010833129
2018_06,Rural,0.058657129
2018_06,Urban,0.003943475
2018_07,National,0.008371054
2018_07,Rural,0.031283802
2018_07,Urban,0.005070182
2018_08,National,0.011817959
2018_08,Rural,0.058657129
2018_08,Urban,0.005070182
2018_09,National,0.009848299
2018_09,Rural,0.06647808
2018_09,Urban,0.001690061
2018_10,National,0.004924149
2018_10,Rural,0.003910475
2018_10,Urban,0.005070182
2018_11,National,0.002462075
2018_11,Rural,0
2018_11,Urban,0.002816768
2018_12,National,0.005908979
2018_12,Rural,0.019552376
2018_12,Urban,0.003943475
2018_13,National,0.00393932
2018_13,Rural,0.011731426
2018_13,Urban,0.002816768
2018_14,National,0.005908979
2018_14,Rural,0.019552376
2018_14,Urban,0.003943475
2018_15,National,0.010340714
2018_15,Rural,0.043015228
2018_15,Urban,0.005633536
2018_16,National,0.010833129
2018_16,Rural,0.035194278
2018_16,Urban,0.007323596
2018_17,National,0.010833129
2018_17,Rural,0.031283802
2018_17,Urban,0.00788695
2018_18,National,0.005416564
2018_18,Rural,0.019552376
2018_18,Urban,0.003380121
2018_19,National,0.004924149
2018_19,Rural,0.019552376
2018_19,Urban,0.002816768
2018_20,National,0.00393932
2018_20,Rural,0.007820951
2018_20,Urban,0.003380121
2018_21,National,0.00196966
2018_21,Rural,0.003910475
2018_21,Urban,0.001690061
2018_22,National,0.00295449
2018_22,Rural,0.003910475
2018_22,Urban,0.002816768
2018_23,National,0.00295449
2018_23,Rural,0.007820951
2018_23,Urban,0.002253414
2018_24,National,0.004924149
2018_24,Rural,0.011731426
2018_24,Urban,0.003943475
2018_25,National,0.002462075
2018_25,Rural,0.007820951
2018_25,Urban,0.001690061
2018_26,National,0
2018_26,Rural,0
2018_26,Urban,0
2018_27,National,0.00098483
2018_27,Rural,0
2018_27,Urban,0.001126707
2018_28,National,0.00098483
2018_28,Rural,0
2018_28,Urban,0.001126707
2018_29,National,0.00098483
2018_29,Rural,0
2018_29,Urban,0.001126707
2018_30,National,0.000492415
2018_30,Rural,0
2018_30,Urban,0.000563354
2018_31,National,0
2018_31,Rural,0
2018_31,Urban,0
2018_32,National,0.00196966
2018_32,Rural,0.011731426
2018_32,Urban,0.000563354
2018_33,National,0.000492415
2018_33,Rural,0
2018_33,Urban,0.000563354
2018_34,National,0.001477245
2018_34,Rural,0.003910475
2018_34,Urban,0.001126707
2018_35,National,0.00098483
2018_35,Rural,0.003910475
2018_35,Urban,0.000563354
2018_36,National,0.000492415
2018_36,Rural,0
2018_36,Urban,0.000563354
2018_37,National,0.000492415
2018_37,Rural,0.003910475
2018_37,Urban,0
2018_38,National,0.000492415
2018_38,Rural,0
2018_38,Urban,0.000563354
2018_39,National,0.001477245
2018_39,Rural,0.007820951
2018_39,Urban,0.000563354
2018_40,National,0.002462075
2018_40,Rural,0.007820951
2018_40,Urban,0.001690061
2018_41,National,0
2018_41,Rural,0
2018_41,Urban,0
2018_42,National,0.00196966
2018_42,Rural,0
2018_42,Urban,0.002253414
2018_43,National,0.00196966
2018_43,Rural,0.003910475
2018_43,Urban,0.001690061
2018_44,National,0.00098483
2018_44,Rural,0
2018_44,Urban,0.001126707
2018_45,National,0.00098483
2018_45,Rural,0
2018_45,Urban,0.001126707
2018_46,National,0.000492415
2018_46,Rural,0
2018_46,Urban,0.000563354
2018_47,National,0
2018_47,Rural,0
2018_47,Urban,0
2018_48,National,0.000492415
2018_48,Rural,0
2018_48,Urban,0.000563354
2018_49,National,0.00098483
2018_49,Rural,0
2018_49,Urban,0.001126707
2018_50,National,0.000492415
2018_50,Rural,0
2018_50,Urban,0.000563354
2018_51,National,0.000492415
2018_51,Rural,0
2018_51,Urban,0.000563354
2018_52,National,0
2018_52,Rural,0
2018_52,Urban,0
2019_01,National,0.00196966
2019_01,Rural,0.007820951
2019_01,Urban,0.001126707
2019_02,National,0.00196966
2019_02,Rural,0.011731426
2019_02,Urban,0.000563354
2019_03,National,0.00098483
2019_03,Rural,0
2019_03,Urban,0.001126707
2019_04,National,0.001477245
2019_04,Rural,0.007820951
2019_04,Urban,0.000563354
2019_05,National,0.001477245
2019_05,Rural,0
2019_05,Urban,0.001690061
2019_06,National,0.00295449
2019_06,Rural,0.003910475
2019_06,Urban,0.002816768
2019_07,National,0
2019_07,Rural,0
2019_07,Urban,0
2019_08,National,0.00196966
2019_08,Rural,0
2019_08,Urban,0.002253414
2019_09,National,0
2019_09,Rural,0
2019_09,Urban,0
2019_10,National,0
2019_10,Rural,0
2019_10,Urban,0
2019_11,National,0.00098483
2019_11,Rural,0.007820951
2019_11,Urban,0
2019_12,National,0.00295449
2019_12,Rural,0
2019_12,Urban,0.003380121
2019_13,National,0.001477245
2019_13,Rural,0.003910475
2019_13,Urban,0.001126707
2019_14,National,0.001477245
2019_14,Rural,0
2019_14,Urban,0.001690061
2019_15,National,0.00098483
2019_15,Rural,0
2019_15,Urban,0.001126707
2019_16,National,0.00098483
2019_16,Rural,0
2019_16,Urban,0.001126707
2019_17,National,0.00196966
2019_17,Rural,0.003910475
2019_17,Urban,0.001690061
2019_18,National,0.00098483
2019_18,Rural,0
2019_18,Urban,0.001126707
2019_19,National,0.003446905
2019_19,Rural,0
2019_19,Urban,0.003943475
2019_20,National,0.00098483
2019_20,Rural,0
2019_20,Urban,0.001126707
2019_21,National,0.000492415
2019_21,Rural,0
2019_21,Urban,0.000563354
2019_22,National,0.000492415
2019_22,Rural,0
2019_22,Urban,0.000563354
2019_23,National,0
2019_23,Rural,0
2019_23,Urban,0
2019_24,National,0
2019_24,Rural,0
2019_24,Urban,0
2019_25,National,0.000492415
2019_25,Rural,0
2019_25,Urban,0.000563354
2019_26,National,0
2019_26,Rural,0
2019_26,Urban,0
2019_27,National,0.002462075
2019_27,Rural,0
2019_27,Urban,0.002816768
2019_28,National,0
2019_28,Rural,0
2019_28,Urban,0
2019_29,National,0
2019_29,Rural,0
2019_29,Urban,0
2019_30,National,0
2019_30,Rural,0
2019_30,Urban,0
2019_31,National,0.000492415
2019_31,Rural,0
2019_31,Urban,0.000563354
2019_32,National,0.000492415
2019_32,Rural,0
2019_32,Urban,0.000563354
2019_33,National,0.000492415
2019_33,Rural,0.003910475
2019_33,Urban,0
2019_34,National,0
2019_34,Rural,0
2019_34,Urban,0
2019_35,National,0
2019_35,Rural,0
2019_35,Urban,0
2019_36,National,0
2019_36,Rural,0
2019_36,Urban,0
2019_37,National,0.000492415
2019_37,Rural,0
2019_37,Urban,0.000563354
2019_38,National,0
2019_38,Rural,0
2019_38,Urban,0
2019_39,National,0.002462075
2019_39,Rural,0
2019_39,Urban,0.002816768
2019_40,National,0.00098483
2019_40,Rural,0.003910475
2019_40,Urban,0.000563354
2019_41,National,0
2019_41,Rural,0
2019_41,Urban,0
2019_42,National,0
2019_42,Rural,0
2019_42,Urban,0
2019_43,National,0.000492415
2019_43,Rural,0.003910475
2019_43,Urban,0
2019_44,National,0.000492415
2019_44,Rural,0
2019_44,Urban,0.000563354
2019_45,National,0
2019_45,Rural,0
2019_45,Urban,0
2019_46,National,0.000492415
2019_46,Rural,0.003910475
2019_46,Urban,0
2019_47,National,0.000492415
2019_47,Rural,0.003910475
2019_47,Urban,0
2019_48,National,0.000492415
2019_48,Rural,0
2019_48,Urban,0.000563354
2019_49,National,0.003446905
2019_49,Rural,0.003910475
2019_49,Urban,0.003380121
2019_50,National,0.00393932
2019_50,Rural,0
2019_50,Urban,0.004506829
2019_51,National,0.002462075
2019_51,Rural,0
2019_51,Urban,0.002816768
2019_52,National,0
2019_52,Rural,0
2019_52,Urban,0
2020_01,National,0.001477245
2020_01,Rural,0
2020_01,Urban,0.001690061
2020_02,National,0.000492415
2020_02,Rural,0
2020_02,Urban,0.000563354
2020_03,National,0.00098483
2020_03,Rural,0
2020_03,Urban,0.001126707
2020_04,National,0.001477245
2020_04,Rural,0
2020_04,Urban,0.001690061
2020_05,National,0.00098483
2020_05,Rural,0
2020_05,Urban,0.001126707
2020_06,National,0.001477245
2020_06,Rural,0.007820951
2020_06,Urban,0.000563354
2020_07,National,0.00098483
2020_07,Rural,0.007820951
2020_07,Urban,0
2020_08,National,0.00098483
2020_08,Rural,0
2020_08,Urban,0.001126707
2020_09,National,0.001477245
2020_09,Rural,0
2020_09,Urban,0.001690061
2020_10,National,0
2020_10,Rural,0
2020_10,Urban,0
2020_11,National,0
2020_11,Rural,0
2020_11,Urban,0
2020_12,National,0.000492415
2020_12,Rural,0
2020_12,Urban,0.000563354
2020_13,National,0
2020_13,Rural,0
2020_13,Urban,0
2020_14,National,0.000492415
2020_14,Rural,0
2020_14,Urban,0.000563354
2020_15,National,0
2020_15,Rural,0
2020_15,Urban,0
2020_16,National,0
2020_16,Rural,0
2020_16,Urban,0
2020_17,National,0
2020_17,Rural,0
2020_17,Urban,0
2020_18,National,0.000492415
2020_18,Rural,0
2020_18,Urban,0.000563354
2020_19,National,0
2020_19,Rural,0
2020_19,Urban,0
2020_20,National,0
2020_20,Rural,0
2020_20,Urban,0
2020_21,National,0
2020_21,Rural,0
2020_21,Urban,0
2020_22,National,0
2020_22,Rural,0
2020_22,Urban,0
2020_23,National,0
2020_23,Rural,0
2020_23,Urban,0
2020_24,National,0
2020_24,Rural,0
2020_24,Urban,0
2020_25,National,0
2020_25,Rural,0
2020_25,Urban,0
2020_26,National,0.000492415
2020_26,Rural,0
2020_26,Urban,0.000563354
2020_27,National,0.000492415
2020_27,Rural,0
2020_27,Urban,0.000563354
2020_28,National,0.000492415
2020_28,Rural,0
2020_28,Urban,0.000563354
2020_29,National,0
2020_29,Rural,0
2020_29,Urban,0
2020_30,National,0
2020_30,Rural,0
2020_30,Urban,0
2020_31,National,0.000492415
2020_31,Rural,0
2020_31,Urban,0.000563354
2020_32,National,0
2020_32,Rural,0
2020_32,Urban,0
2020_33,National,0
2020_33,Rural,0
2020_33,Urban,0
2020_34,National,0.000492415
2020_34,Rural,0
2020_34,Urban,0.000563354
2020_35,National,0.000492415
2020_35,Rural,0
2020_35,Urban,0.000563354
2020_36,National,0
2020_36,Rural,0
2020_36,Urban,0
2020_37,National,0.000492415
2020_37,Rural,0
2020_37,Urban,0.000563354
2020_38,National,0.000492415
2020_38,Rural,0
2020_38,Urban,0.000563354
2020_39,National,0
2020_39,Rural,0
2020_39,Urban,0
2020_40,National,0.000492415
2020_40,Rural,0
2020_40,Urban,0.000563354
2020_41,National,0.001477245
2020_41,Rural,0
2020_41,Urban,0.001690061
2020_42,National,0.000492415
2020_42,Rural,0
2020_42,Urban,0.000563354
2020_43,National,0
2020_43,Rural,0
2020_43,Urban,0
2020_44,National,0
2020_44,Rural,0
2020_44,Urban,0
2020_45,National,0
2020_45,Rural,0
2020_45,Urban,0
2020_46,National,0.000492415
2020_46,Rural,0.003910475
2020_46,Urban,0
2020_47,National,0
2020_47,Rural,0
2020_47,Urban,0
2020_48,National,0
2020_48,Rural,0
2020_48,Urban,0
2020_49,National,0
2020_49,Rural,0
2020_49,Urban,0
2020_50,National,0.000492415
2020_50,Rural,0
2020_50,Urban,0.000563354
2020_51,National,0.000492415
2020_51,Rural,0
2020_51,Urban,0.000563354
2020_52,National,0
2020_52,Rural,0
2020_52,Urban,0
2020_53,National,0
2020_53,Rural,0
2020_53,Urban,0
2021_01,National,0.00196966
2021_01,Rural,0
2021_01,Urban,0.002253414
2021_02,National,0
2021_02,Rural,0
2021_02,Urban,0
2021_03,National,0
2021_03,Rural,0
2021_03,Urban,0
2021_04,National,0.000492415
2021_04,Rural,0
2021_04,Urban,0.000563354
2021_05,National,0.013787619
2021_05,Rural,0
2021_05,Urban,0.0157739
2021_06,National,0.020189013
2021_06,Rural,0
2021_06,Urban,0.023097496
2021_07,National,0.024620747
2021_07,Rural,0
2021_07,Urban,0.028167678
2021_08,National,0.028067652
2021_08,Rural,0
2021_08,Urban,0.032111153
2021_09,National,0
2021_09,Rural,0
2021_09,Urban,0
2021_10,National,0.004924149
2021_10,Rural,0
2021_10,Urban,0.005633536
2021_11,National,0.011325544
2021_11,Rural,0
2021_11,Urban,0.012957132
2021_12,National,0.007386224
2021_12,Rural,0
2021_12,Urban,0.008450304
2021_13,National,0.00295449
2021_13,Rural,0
2021_13,Urban,0.003380121
2021_14,National,0
2021_14,Rural,0
2021_14,Urban,0
2021_15,National,0.00196966
2021_15,Rural,0
2021_15,Urban,0.002253414
2021_16,National,0.00098483
2021_16,Rural,0.003910475
2021_16,Urban,0.000563354
2021_17,National,0
2021_17,Rural,0
2021_17,Urban,0
2021_18,National,0
2021_18,Rural,0
2021_18,Urban,0
2021_19,National,0.000492415
2021_19,Rural,0
2021_19,Urban,0.000563354
2021_20,National,0.001477245
2021_20,Rural,0.003910475
2021_20,Urban,0.001126707
2021_21,National,0.00098483
2021_21,Rural,0
2021_21,Urban,0.001126707
2021_22,National,0
2021_22,Rural,0
2021_22,Urban,0
2021_23,National,0
2021_23,Rural,0
2021_23,Urban,0
2021_24,National,0.00098483
2021_24,Rural,0.003910475
2021_24,Urban,0.000563354
2021_25,National,0.00196966
2021_25,Rural,0
2021_25,Urban,0.002253414
2021_26,National,0.001477245
2021_26,Rural,0
2021_26,Urban,0.001690061
2021_27,National,0.001477245
2021_27,Rural,0.003910475
2021_27,Urban,0.001126707
2021_28,National,0
2021_28,Rural,0
2021_28,Urban,0
2021_29,National,0.000492415
2021_29,Rural,0
2021_29,Urban,0.000563354
2021_30,National,0.000492415
2021_30,Rural,0
2021_30,Urban,0.000563354
2021_31,National,0.001477245
2021_31,Rural,0
2021_31,Urban,0.001690061
2021_32,National,0
2021_32,Rural,0
2021_32,Urban,0
2021_33,National,0.016249693
2021_33,Rural,0.129045685
2021_33,Urban,0
2021_34,National,0.000492415
2021_34,Rural,0.003910475
2021_34,Urban,0
2021_35,National,0.001477245
2021_35,Rural,0.003910475
2021_35,Urban,0.001126707
2021_36,National,0
2021_36,Rural,0
2021_36,Urban,0
2021_37,National,0.00196966
2021_37,Rural,0.015641901
2021_37,Urban,0
2021_38,National,0.000492415
2021_38,Rural,0.003910475
2021_38,Urban,0
2021_39,National,0.000492415
2021_39,Rural,0
2021_39,Urban,0.000563354
2021_40,National,0.000492415
2021_40,Rural,0
2021_40,Urban,0.000563354
2021_41,National,0.000492415
2021_41,Rural,0.003910475
2021_41,Urban,0
2021_42,National,0
2021_42,Rural,0
2021_42,Urban,0
2021_43,National,0
2021_43,Rural,0
2021_43,Urban,0
2021_44,National,0.00098483
2021_44,Rural,0.003910475
2021_44,Urban,0.000563354
2021_45,National,0.00098483
2021_45,Rural,0
2021_45,Urban,0.001126707
2021_46,National,0.00098483
2021_46,Rural,0.003910475
2021_46,Urban,0.000563354
2021_47,National,0.001477245
2021_47,Rural,0.003910475
2021_47,Urban,0.001126707
2021_48,National,0
2021_48,Rural,0
2021_48,Urban,0
2021_49,National,0.00196966
2021_49,Rural,0
2021_49,Urban,0.002253414
2021_50,National,0.019696598
2021_50,Rural,0
2021_50,Urban,0.022534143
2021_51,National,0.000492415
2021_51,Rural,0.003910475
2021_51,Urban,0
2021_52,National,0.001477245
2021_52,Rural,0.003910475
2021_52,Urban,0.001126707
2022_01,National,0.00295449
2022_01,Rural,0.003910475
2022_01,Urban,0.002816768
2022_02,National,0.004924149
2022_02,Rural,0.007820951
2022_02,Urban,0.004506829
2022_03,National,0.00196966
2022_03,Rural,0
2022_03,Urban,0.002253414
2022_04,National,0.00196966
2022_04,Rural,0.011731426
2022_04,Urban,0.000563354
2022_05,National,0.001477245
2022_05,Rural,0.003910475
2022_05,Urban,0.001126707
2022_06,National,0.00098483
2022_06,Rural,0
2022_06,Urban,0.001126707
2022_07,National,0.00098483
2022_07,Rural,0.003910475
2022_07,Urban,0.000563354
2022_08,National,0.00098483
2022_08,Rural,0
2022_08,Urban,0.001126707
2022_09,National,0
2022_09,Rural,0
2022_09,Urban,0
2022_10,National,0.001477245
2022_10,Rural,0
2022_10,Urban,0.001690061
2022_11,National,0.00098483
2022_11,Rural,0
2022_11,Urban,0.001126707
2022_12,National,0.00295449
2022_12,Rural,0.007820951
2022_12,Urban,0.002253414
2022_13,National,0.00098483
2022_13,Rural,0
2022_13,Urban,0.001126707
2022_14,National,0.002462075
2022_14,Rural,0.007820951
2022_14,Urban,0.001690061
2022_15,National,0.000492415
2022_15,Rural,0
2022_15,Urban,0.000563354
2022_16,National,0.00098483
2022_16,Rural,0.003910475
2022_16,Urban,0.000563354
2022_17,National,0.00196966
2022_17,Rural,0.007820951
2022_17,Urban,0.001126707
2022_18,National,0.00196966
2022_18,Rural,0.003910475
2022_18,Urban,0.001690061
2022_19,National,0.00196966
2022_19,Rural,0.003910475
2022_19,Urban,0.001690061
2022_20,National,0.001477245
2022_20,Rural,0.007820951
2022_20,Urban,0.000563354
2022_21,National,0.00196966
2022_21,Rural,0.007820951
2022_21,Urban,0.001126707
2022_22,National,0.003446905
2022_22,Rural,0.003910475
2022_22,Urban,0.003380121
2022_23,National,0.000492415
2022_23,Rural,0.003910475
2022_23,Urban,0
2022_24,National,0.000492415
2022_24,Rural,0
2022_24,Urban,0.000563354
2022_25,National,0
2022_25,Rural,0
2022_25,Urban,0
2022_26,National,0
2022_26,Rural,0
2022_26,Urban,0
2022_27,National,0
2022_27,Rural,0
2022_27,Urban,0
2022_28,National,0.00098483
2022_28,Rural,0
2022_28,Urban,0.001126707
2022_29,National,0.000492415
2022_29,Rural,0
2022_29,Urban,0.000563354
2022_30,National,0
2022_30,Rural,0
2022_30,Urban,0
2022_31,National,0
2022_31,Rural,0
2022_31,Urban,0
2022_32,National,0.00196966
2022_32,Rural,0.007820951
2022_32,Urban,0.001126707
2022_33,National,0
2022_33,Rural,0
2022_33,Urban,0
2022_34,National,0.00098483
2022_34,Rural,0
2022_34,Urban,0.001126707
2022_35,National,0.001477245
2022_35,Rural,0.003910475
2022_35,Urban,0.001126707
2022_36,National,0
2022_36,Rural,0
2022_36,Urban,0
2022_37,National,0.00098483
2022_37,Rural,0
2022_37,Urban,0.001126707
2022_38,National,0.000492415
2022_38,Rural,0
2022_38,Urban,0.000563354
2022_39,National,0
2022_39,Rural,0
2022_39,Urban,0
2022_40,National,0.00098483
2022_40,Rural,0
2022_40,Urban,0.001126707
2022_41,National,0
2022_41,Rural,0
2022_41,Urban,0
2022_42,National,0.000492415
2022_42,Rural,0
2022_42,Urban,0.000563354
2022_43,National,0
2022_43,Rural,0
2022_43,Urban,0
2022_44,National,0
2022_44,Rural,0
2022_44,Urban,0
2022_45,National,0.000492415
2022_45,Rural,0
2022_45,Urban,0.000563354
2022_46,National,0.000492415
2022_46,Rural,0.003910475
2022_46,Urban,0
2022_47,National,0.000492415
2022_47,Rural,0
2022_47,Urban,0.000563354
2022_48,National,0.000492415
2022_48,Rural,0
2022_48,Urban,0.000563354
2022_49,National,0
2022_49,Rural,0
2022_49,Urban,0
2022_50,National,0
2022_50,Rural,0
2022_50,Urban,0
2022_51,National,0.000492415
2022_51,Rural,0
2022_51,Urban,0.000563354
2022_52,National,0
2022_52,Rural,0
2022_52,Urban,0
2023_01,National,0.000492415
2023_01,Rural,0.003910475
2023_01,Urban,0
2023_02,National,0.003446905
2023_02,Rural,0
2023_02,Urban,0.003943475
2023_03,National,0.000492415
2023_03,Rural,0.003910475
2023_03,Urban,0
2023_04,National,0.00098483
2023_04,Rural,0
2023_04,Urban,0.001126707
2023_05,National,0.00196966
2023_05,Rural,0.015641901
2023_05,Urban,0
2023_06,National,0.004924149
2023_06,Rural,0.039104753
2023_06,Urban,0
2023_07,National,0.009355884
2023_07,Rural,0.074299031
2023_07,Urban,0
2023_08,National,0.001477245
2023_08,Rural,0.007820951
2023_08,Urban,0.000563354
2023_09,National,0.00393932
2023_09,Rural,0.023462852
2023_09,Urban,0.001126707
2023_10,National,0.006401394
2023_10,Rural,0.039104753
2023_10,Urban,0.001690061
2023_11,National,0.008371054
2023_11,Rural,0.039104753
2023_11,Urban,0.003943475
2023_12,National,0.011325544
2023_12,Rural,0.031283802
2023_12,Urban,0.008450304
2023_13,National,0.006401394
2023_13,Rural,0.027373327
2023_13,Urban,0.003380121
2023_14,National,0.006401394
2023_14,Rural,0.027373327
2023_14,Urban,0.003380121
2023_15,National,0.00393932
2023_15,Rural,0.007820951
2023_15,Urban,0.003380121
2023_16,National,0.00196966
2023_16,Rural,0.003910475
2023_16,Urban,0.001690061
2023_17,National,0.00196966
2023_17,Rural,0.007820951
2023_17,Urban,0.001126707
2023_18,National,0.000492415
2023_18,Rural,0
2023_18,Urban,0.000563354
2023_19,National,0.00196966
2023_19,Rural,0.007820951
2023_19,Urban,0.001126707
2023_20,National,0.003446905
2023_20,Rural,0.011731426
2023_20,Urban,0.002253414
2023_21,National,0.002462075
2023_21,Rural,0.003910475
2023_21,Urban,0.002253414
2023_22,National,0.004924149
2023_22,Rural,0.023462852
2023_22,Urban,0.002253414
2023_23,National,0.000492415
2023_23,Rural,0.003910475
2023_23,Urban,0
2023_24,National,0.003446905
2023_24,Rural,0
2023_24,Urban,0.003943475
2023_25,National,0.00098483
2023_25,Rural,0
2023_25,Urban,0.001126707
2023_26,National,0.004924149
2023_26,Rural,0.007820951
2023_26,Urban,0.004506829
2023_27,National,0.002462075
2023_27,Rural,0.003910475
2023_27,Urban,0.002253414
2023_28,National,0.002462075
2023_28,Rural,0.011731426
2023_28,Urban,0.001126707
2023_29,National,0.007386224
2023_29,Rural,0.046925704
2023_29,Urban,0.001690061
2023_30,National,0.006893809
2023_30,Rural,0.035194278
2023_30,Urban,0.002816768
2023_31,National,0.008863469
2023_31,Rural,0.027373327
2023_31,Urban,0.006196889
2023_32,National,0.016249693
2023_32,Rural,0.082119981
2023_32,Urban,0.006760243
2023_33,National,0.016249693
2023_33,Rural,0.113403784
2023_33,Urban,0.002253414
2023_34,National,0.012802789
2023_34,Rural,0.050836179
2023_34,Urban,0.007323596
2023_35,National,0.012802789
2023_35,Rural,0.062567605
2023_35,Urban,0.005633536
2023_36,National,0.011817959
2023_36,Rural,0.078209506
2023_36,Urban,0.002253414
2023_37,National,0.004924149
2023_37,Rural,0.015641901
2023_37,Urban,0.003380121
2023_38,National,0.002462075
2023_38,Rural,0.011731426
2023_38,Urban,0.001126707
2023_39,National,0.00098483
2023_39,Rural,0
2023_39,Urban,0.001126707
2023_40,National,0.00295449
2023_40,Rural,0.007820951
2023_40,Urban,0.002253414
2023_41,National,0.003446905
2023_41,Rural,0.003910475
2023_41,Urban,0.003380121
2023_42,National,0.00393932
2023_42,Rural,0.011731426
2023_42,Urban,0.002816768
2023_43,National,0.003446905
2023_43,Rural,0.003910475
2023_43,Urban,0.003380121
2023_44,National,0.004924149
2023_44,Rural,0.027373327
2023_44,Urban,0.001690061
2023_45,National,0.004924149
2023_45,Rural,0.019552376
2023_45,Urban,0.002816768
2023_46,National,0.00295449
2023_46,Rural,0.007820951
2023_46,Urban,0.002253414
2023_47,National,0.009848299
2023_47,Rural,0.043015228
2023_47,Urban,0.005070182
2023_48,National,0.019696598
2023_48,Rural,0.054746654
2023_48,Urban,0.014647193
2023_49,National,0.018711768
2023_49,Rural,0.027373327
2023_49,Urban,0.017463961
2023_50,National,0.04973391
2023_50,Rural,0.093851407
2023_50,Urban,0.043378225
2023_51,National,0.066968433
2023_51,Rural,0.136866635
2023_51,Urban,0.05689871
2023_52,National,0.078293977
2023_52,Rural,0.207255191
2023_52,Urban,0.059715478
2024_01,National,0.123103737
2024_01,Rural,0.316748499
2024_01,Urban,0.095206753
2024_02,National,0.170375572
2024_02,Rural,0.520093215
2024_02,Urban,0.11999431
2024_03,National,0.190564585
2024_03,Rural,0.414510382
2024_03,Urban,0.158302353
2024_04,National,0.272305467
2024_04,Rural,0.559197968
2024_04,Urban,0.230974963
2024_05,National,0.272797881
2024_05,Rural,0.6491389
2024_05,Urban,0.218017831
2024_06,National,0.253101284
2024_06,Rural,0.883767418
2024_06,Urban,0.16111912
2024_07,National,0.14723207
2024_07,Rural,0.480988462
2024_07,Urban,0.099150228
2024_08,National,0.233897101
2024_08,Rural,0.903319794
2024_08,Urban,0.13745827
2024_09,National,0.239313665
2024_09,Rural,1.223978769
2024_09,Urban,0.097460167
2024_10,National,0.202874959
2024_10,Rural,1.036275954
2024_10,Urban,0.082812974
2024_11,National,0.201397714
2024_11,Rural,0.926782646
2024_11,Urban,0.096896814
2024_12,National,0.195488735
2024_12,Rural,0.907230269
2024_12,Urban,0.092953339
2024_13,National,0.107346459
2024_13,Rural,0.488809412
2024_13,Urban,0.052391882
2024_14,National,0.140830675
2024_14,Rural,0.711706504
2024_14,Urban,0.058588771
2024_15,National,0.143785165
2024_15,Rural,0.71561698
2024_15,Urban,0.061405539
2024_16,National,0.144769995
2024_16,Rural,0.793826486
2024_16,Urban,0.051265175
2024_17,National,0.117687173
2024_17,Rural,0.645228424
2024_17,Urban,0.041688164
2024_18,National,0.102422309
2024_18,Rural,0.465346561
2024_18,Urban,0.050138468
2024_19,National,0.120641662
2024_19,Rural,0.527914165
2024_19,Urban,0.061968892
2024_20,National,0.138368601
2024_20,Rural,0.750811257
2024_20,Urban,0.050138468
2024_21,National,0.14329275
2024_21,Rural,0.829020763
2024_21,Urban,0.044504932
2024_22,National,0.094051255
2024_22,Rural,0.520093215
2024_22,Urban,0.032674507
2024_23,National,0.087157446
2024_23,Rural,0.430152283
2024_23,Urban,0.037744689
2024_24,National,0.127535472
2024_24,Rural,0.742990307
2024_24,Urban,0.038871396
2024_25,National,0.067460848
2024_25,Rural,0.371495153
2024_25,Urban,0.02366085
2024_26,National,0.051211155
2024_26,Rural,0.25809137
2024_26,Urban,0.021407436
2024_27,National,0.116702343
2024_27,Rural,0.516182739
2024_27,Urban,0.059152125
2024_28,National,0.115717513
2024_28,Rural,0.594392245
2024_28,Urban,0.046758346
2024_29,National,0.081248466
2024_29,Rural,0.414510382
2024_29,Urban,0.03323786
2024_30,National,0.038900781
2024_30,Rural,0.121224734
2024_30,Urban,0.027040971
2024_31,National,0.049241495
2024_31,Rural,0.234628518
2024_31,Urban,0.022534143
2024_32,National,0.047271835
2024_32,Rural,0.238538993
2024_32,Urban,0.019717375
2024_33,National,0.041855271
2024_33,Rural,0.195523765
2024_33,Urban,0.019717375
2024_34,National,0.024128332
2024_34,Rural,0.117314259
2024_34,Urban,0.010703718
2024_35,National,0.014772448
2024_35,Rural,0.054746654
2024_35,Urban,0.009013657
2024_36,National,0.009355884
2024_36,Rural,0.054746654
2024_36,Urban,0.002816768
2024_37,National,0.011325544
2024_37,Rural,0.06647808
2024_37,Urban,0.003380121
2024_38,National,0.010833129
2024_38,Rural,0.070388555
2024_38,Urban,0.002253414
2024_39,National,0.006401394
2024_39,Rural,0.046925704
2024_39,Urban,0.000563354
2024_40,National,0.012310374
2024_40,Rural,0.062567605
2024_40,Urban,0.005070182
2024_41,National,0.009355884
2024_41,Rural,0.058657129
2024_41,Urban,0.002253414
2024_42,National,0.026097992
2024_42,Rural,0.179881864
2024_42,Urban,0.003943475
2024_43,National,0.039393196
2024_43,Rural,0.285464697
2024_43,Urban,0.003943475
2024_44,National,0.072384997
2024_44,Rural,0.500540838
2024_44,Urban,0.010703718
2024_45,National,0.138861015
2024_45,Rural,1.004992152
2024_45,Urban,0.014083839
2024_46,National,0.166928668
2024_46,Rural,1.200515917
2024_46,Urban,0.018027314
2024_47,National,0.247684719
2024_47,Rural,1.736251033
2024_47,Urban,0.03323786
2024_48,National,0.357985668
2024_48,Rural,2.322822328
2024_48,Urban,0.074926024
2024_49,National,0.366356722
2024_49,Rural,2.365837556
2024_49,Urban,0.078306146
2024_50,National,0.38014434
2024_50,Rural,2.428405161
2024_50,Urban,0.085066389
2024_51,National,0.421999611
2024_51,Rural,2.741243185
2024_51,Urban,0.087883157
2024_52,National,0.322531791
2024_52,Rural,1.986521452
2024_52,Urban,0.082812974
2025_01,National,0.340751144
2025_01,Rural,2.064730958
2025_01,Urban,0.092389985
2025_02,National,0.505710152
2025_02,Rural,3.101006912
2025_02,Urban,0.131824735
2025_03,National,0.517035696
2025_03,Rural,3.190947844
2025_03,Urban,0.131824735
2025_04,National,0.47665767
2025_04,Rural,2.784258413
2025_04,Urban,0.144218513
2025_05,National,0.489460459
2025_05,Rural,2.713869858
2025_05,Urban,0.16900607
2025_06,National,0.416583046
2025_06,Rural,2.017805254
2025_06,Urban,0.185906677
2025_07,National,0.336811825
2025_07,Rural,1.595473922
2025_07,Urban,0.155485585
2025_08,National,0.306774513
2025_08,Rural,1.24744162
2025_08,Urban,0.171259485
2025_09,National,0.214200503
2025_09,Rural,0.950245498
2025_09,Urban,0.108163885
2025_10,National,0.120149247
2025_10,Rural,0.484898937
2025_10,Urban,0.067602428
2025_11,National,0.225033631
2025_11,Rural,1.012813102
2025_11,Urban,0.111544006
2025_12,National,0.193519075
2025_12,Rural,0.954155973
2025_12,Urban,0.083939682
2025_13,National,0.282153765
2025_13,Rural,1.407771108
2025_13,Urban,0.11999431
2025_14,National,0.345182879
2025_14,Rural,1.685414854
2025_14,Urban,0.152105463
2025_15,National,0.333857335
2025_15,Rural,1.470338712
2025_15,Urban,0.170132777
2025_16,National,0.193519075
2025_16,Rural,0.883767418
2025_16,Urban,0.094080046
2025_17,National,0.279691691
2025_17,Rural,1.020634053
2025_17,Urban,0.172949545
2025_18,National,0.254578528
2025_18,Rural,1.149679738
2025_18,Urban,0.125627846
2025_19,National,0.23882125
2025_19,Rural,1.212247343
2025_19,Urban,0.098586874
2025_20,National,0.165451423
2025_20,Rural,0.844662665
2025_20,Urban,0.067602428
2025_21,National,0.097990575
2025_21,Rural,0.492719888
2025_21,Urban,0.04112481
2025_22,National,0.071892582
2025_22,Rural,0.367584678
2025_22,Urban,0.029294386
2025_23,National,0.050226325
2025_23,Rural,0.179881864
2025_23,Urban,0.0315478
2025_24,National,0.029544897
2025_24,Rural,0.140777111
2025_24,Urban,0.013520486
2025_25,National,0.016742108
2025_25,Rural,0.074299031
2025_25,Urban,0.008450304
2025_26,National,0.014280034
2025_26,Rural,0.062567605
2025_26,Urban,0.007323596
2025_27,National,0.008371054
2025_27,Rural,0.039104753
2025_27,Urban,0.003943475
2025_28,National,0.011817959
2025_28,Rural,0.062567605
2025_28,Urban,0.004506829
2025_29,National,0.010340714
2025_29,Rural,0.039104753
2025_29,Urban,0.006196889
2025_30,National,0.009355884
2025_30,Rural,0.043015228
2025_30,Urban,0.004506829
2025_31,National,0.005416564
2025_31,Rural,0.023462852
2025_31,Urban,0.002816768
2025_32,National,0.00393932
2025_32,Rural,0.019552376
2025_32,Urban,0.001690061
2025_33,National,0.005416564
2025_33,Rural,0.023462852
2025_33,Urban,0.002816768
2025_34,National,0.001477245
2025_34,Rural,0.007820951
2025_34,Urban,0.000563354
2025_35,National,0.00098483
2025_35,Rural,0.003910475
2025_35,Urban,0.000563354
2025_36,National,0.00196966
2025_36,Rural,0.003910475
2025_36,Urban,0.001690061
2025_37,National,0
2025_37,Rural,0
2025_37,Urban,0